{"episode_types": ["t", "t", "t", "t", "t", "t", "t", "t", "t", "t", "t", "t", "t", "t", "t", "t", "t", "t", "t", "t", "t", "t", "t", "t", "t", "t", "t", "t", "t", "t", "t", "t", "t", "t", "t", "t", "t", "t", "t", "t", "t", "t", "t", "t", "t", "t", "t", "t", "t", "t", "t", "t", "t", "t", "t", "t", "t", "t", "t", "t", "t", "t", "t", "t", "t", "t", "t", "t", "t", "t", "t", "t", "t", "t", "t", "t", "t", "t", "t", "t", "t", "t", "t", "t", "t", "t", "t", "t", "t", "t", "t", "t", "t", "t", "t", "t", "t", "t", "t", "t"], "episode_rewards": [-142.0, -155.0, -136.0, -137.0, -136.0, -138.0, -163.0, -144.0, -164.0, -166.0, -172.0, -144.0, -200.0, -195.0, -140.0, -142.0, -141.0, -189.0, -140.0, -139.0, -146.0, -140.0, -157.0, -167.0, -139.0, -168.0, -139.0, -200.0, -137.0, -140.0, -141.0, -200.0, -138.0, -173.0, -143.0, -184.0, -200.0, -141.0, -200.0, -200.0, -140.0, -175.0, -140.0, -136.0, -158.0, -146.0, -154.0, -142.0, -137.0, -143.0, -200.0, -139.0, -186.0, -200.0, -171.0, -147.0, -139.0, -138.0, -182.0, -144.0, -141.0, -141.0, -139.0, -147.0, -158.0, -200.0, -173.0, -139.0, -140.0, -183.0, -139.0, -138.0, -140.0, -170.0, -168.0, -145.0, -141.0, -136.0, -140.0, -186.0, -139.0, -172.0, -161.0, -139.0, -142.0, -171.0, -140.0, -138.0, -142.0, -172.0, -147.0, -200.0, -200.0, -139.0, -138.0, -166.0, -147.0, -136.0, -190.0, -141.0], "initial_reset_timestamp": 1515415567.8802998, "episode_lengths": [142, 155, 136, 137, 136, 138, 163, 144, 164, 166, 172, 144, 200, 195, 140, 142, 141, 189, 140, 139, 146, 140, 157, 167, 139, 168, 139, 200, 137, 140, 141, 200, 138, 173, 143, 184, 200, 141, 200, 200, 140, 175, 140, 136, 158, 146, 154, 142, 137, 143, 200, 139, 186, 200, 171, 147, 139, 138, 182, 144, 141, 141, 139, 147, 158, 200, 173, 139, 140, 183, 139, 138, 140, 170, 168, 145, 141, 136, 140, 186, 139, 172, 161, 139, 142, 171, 140, 138, 142, 172, 147, 200, 200, 139, 138, 166, 147, 136, 190, 141], "timestamps": [1515415570.5662112, 1515415573.5959063, 1515415573.7757878, 1515415573.8124335, 1515415573.8458936, 1515415573.8855252, 1515415573.9298618, 1515415573.9639928, 1515415576.4167478, 1515415576.6018474, 1515415576.64235, 1515415576.6751578, 1515415576.7200918, 1515415576.7650926, 1515415576.796971, 1515415576.8291664, 1515415576.8714411, 1515415576.9270282, 1515415576.978872, 1515415577.02887, 1515415577.0785654, 1515415577.1123774, 1515415577.1510193, 1515415577.1951149, 1515415577.2279108, 1515415577.265679, 1515415577.2961502, 1515415580.1609156, 1515415580.3563187, 1515415580.39271, 1515415580.4242754, 1515415580.4690855, 1515415580.500487, 1515415580.5474236, 1515415580.5824003, 1515415580.6297555, 1515415580.6789255, 1515415580.7350004, 1515415580.7878175, 1515415580.8330317, 1515415580.8699358, 1515415580.922088, 1515415580.9564583, 1515415580.9866016, 1515415581.0217156, 1515415581.054498, 1515415581.0886939, 1515415581.1203368, 1515415581.151975, 1515415581.1923225, 1515415581.2439444, 1515415581.275366, 1515415581.3171935, 1515415581.3622775, 1515415581.4007888, 1515415581.4339755, 1515415581.4661808, 1515415581.4973607, 1515415581.5405562, 1515415581.5764103, 1515415581.6087391, 1515415581.6416898, 1515415581.6734686, 1515415581.707199, 1515415584.060214, 1515415584.2397313, 1515415584.2839384, 1515415584.315395, 1515415584.346642, 1515415584.3873386, 1515415584.4190814, 1515415584.449531, 1515415584.4805193, 1515415584.523511, 1515415584.5833206, 1515415584.6170363, 1515415584.6489637, 1515415584.6788423, 1515415584.70996, 1515415584.760036, 1515415584.7926302, 1515415584.8317518, 1515415584.889539, 1515415584.9267528, 1515415584.9681594, 1515415585.0138767, 1515415585.0471635, 1515415585.0776546, 1515415585.1097186, 1515415585.1506054, 1515415585.194679, 1515415585.2491026, 1515415585.3002682, 1515415585.3410563, 1515415585.3715737, 1515415585.409118, 1515415585.4433367, 1515415585.473761, 1515415585.5154192, 1515415585.5519996]}